{
  "controller/BaseController.js.map": 1740489722995,
  "controller/EmpDetails.controller.js": 1740489523796,
  "libs/jspdf.umd.min.js": 1740043520897,
  "libs/jspdf.plugin.autotable.min.js": 1740043509137,
  "controller/profile.controller.js": 1739796928632,
  "controller/login.controller.js": 1740458583840,
  "controller/View1.controller.js": 1740458516375,
  "controller/PunchHistory.controller.js": 1739796945500,
  "controller/Payslip.controller.js": 1740463047555,
  "controller/LeaveBalance.controller.js": 1739796889380,
  "controller/Leave.controller.js": 1739796869788,
  "model/models.js": 1739780822744,
  "controller/Calendor.controller.js": 1740458392758,
  "controller/BaseController.js": 1739796843103,
  "controller/App.controller.js": 1739780822744,
  "controller/Admin.controller.js": 1740489100693,
  "manifest.json": 1740489722835,
  "Component.js": 1739870326484,
  "controller/BaseController-dbg.js": 1739796843103,
  "i18n/i18n.properties": 1739780835568,
  "libs/jspdf.umd.min-dbg.js": 1740043520897,
  "libs/jspdf.umd.min.js.map": 1740489723920,
  "libs/jspdf.plugin.autotable.min-dbg.js": 1740043509137,
  "libs/jspdf.plugin.autotable.min.js.map": 1740489723212,
  "controller/profile-dbg.controller.js": 1739796928632,
  "controller/profile.controller.js.map": 1740489722995,
  "controller/login-dbg.controller.js": 1740458583840,
  "controller/login.controller.js.map": 1740489723014,
  "controller/View1-dbg.controller.js": 1740458516375,
  "controller/View1.controller.js.map": 1740489723018,
  "controller/PunchHistory-dbg.controller.js": 1739796945500,
  "controller/PunchHistory.controller.js.map": 1740489723006,
  "controller/Payslip-dbg.controller.js": 1740463047555,
  "controller/Payslip.controller.js.map": 1740489723020,
  "controller/LeaveBalance-dbg.controller.js": 1739796889380,
  "controller/LeaveBalance.controller.js.map": 1740489723015,
  "controller/Leave-dbg.controller.js": 1739796869788,
  "controller/Leave.controller.js.map": 1740489723019,
  "model/models-dbg.js": 1739780822744,
  "model/models.js.map": 1740489723020,
  "controller/Calendor-dbg.controller.js": 1740458392758,
  "controller/Calendor.controller.js.map": 1740489723065,
  "controller/EmpDetails-dbg.controller.js": 1740489523796,
  "controller/EmpDetails.controller.js.map": 1740489723067,
  "controller/App-dbg.controller.js": 1739780822744,
  "controller/App.controller.js.map": 1740489723022,
  "controller/Admin-dbg.controller.js": 1740489100693,
  "controller/Admin.controller.js.map": 1740489723071,
  "Component-dbg.js": 1739870326484,
  "Component.js.map": 1740489723067,
  "Component-preload.js": 1740489724372,
  "Component-preload.js.map": 1740489724373,
  "view/profile.view.xml": 1740458329801,
  "view/login.view.xml": 1739798398587,
  "view/View1.view.xml": 1740113584850,
  "view/PunchHistory.view.xml": 1739868841176,
  "view/Payslip.view.xml": 1740484393294,
  "view/LeaveBalance.view.xml": 1739782638388,
  "view/Leave.view.xml": 1739782640908,
  "view/EmpDetails.view.xml": 1740487357381,
  "view/Calendor.view.xml": 1740457967430,
  "view/App.view.xml": 1739780822748,
  "view/Admin.view.xml": 1740394900148,
  "image/tap.png": 1739782926470,
  "image/red.png": 1739782926470,
  "image/pie-chart.png": 1739782926470,
  "image/orange.png": 1739782926470,
  "image/kaushik.jpg": 1740044883064,
  "image/green.jpg": 1739782926470,
  "image/calendar.png": 1739782926470,
  "image/Untitled.png": 1739782926470,
  "image/Untitled (2).png": 1739782926470,
  "image/Untitled (1).png": 1739782926470,
  "image/Daffodils.png": 1739782926470,
  "fragments/profileimage.fragment.xml": 1740114875031,
  "fragments/newEMPAdd.fragment.xml": 1740489136597,
  "fragments/locationPunch.fragment.xml": 1739782833009,
  "fragments/forgetPassword.fragment.xml": 1739798677664,
  "css/style.css": 1739798108638,
  "index.html": 1740043571325
}